city_id,City Name,Latitude,Longitude,Max_Temp,Humidity,Cloudiness,Windspeed
0,cidreira,-30.18,-50.21,66.14600000000004,71.0,94.0,4.19
1,isangel,-19.55,169.27,77.0,65.0,75.0,2.6
2,talnakh,69.49,88.4,50.0,81.0,0.0,11.0
3,cape town,-33.93,18.42,55.99400000000007,100.0,0.0,1.0
4,yellowknife,62.46,-114.35,66.99199999999999,93.0,90.0,4.1
5,san carlos de bariloche,-41.15,-71.31,30.2,80.0,90.0,3.1
6,balclutha,-46.23,169.75,37.99400000000007,78.0,40.0,3.13
7,nantucket,41.28,-70.1,71.6,94.0,90.0,3.1
8,chokurdakh,70.63,147.92,85.98200000000001,37.0,64.0,2.85
9,charters towers,-20.1,146.27,62.20400000000005,84.0,90.0,4.42
10,hermanus,-34.42,19.23,51.998000000000026,92.0,0.0,0.45
11,puga,21.58,-104.82,82.4,61.0,40.0,3.1
12,puerto cabezas,14.04,-83.39,86.0,70.0,40.0,2.1
13,busselton,-33.65,115.33,57.00200000000008,48.0,33.0,8.94
14,avarua,-21.21,-159.78,77.0,94.0,5.0,5.7
15,new norfolk,-42.78,147.06,44.00600000000003,87.0,79.0,1.34
16,kaeo,-35.1,173.78,60.008,3.0,35.0,4.92
17,micheweni,-4.97,39.83,75.7760000000001,74.0,5.0,7.59
18,saint-philippe,-21.36,55.77,66.2,52.0,20.0,3.6
19,ribeira grande,38.52,-28.7,70.46600000000001,71.0,26.0,1.38
20,ribnitz-damgarten,54.25,12.47,57.00200000000008,76.0,75.0,1.0
21,attawapiskat,0.0,0.0,0.0,0.0,0.0,0.0
22,klaksvik,62.23,-6.59,46.4,93.0,91.0,2.1
23,ushuaia,-54.8,-68.3,39.2,44.0,96.0,5.1
24,pochutla,15.74,-96.47,84.2,70.0,90.0,7.7
25,malwan,0.0,0.0,0.0,0.0,0.0,0.0
26,albany,42.6,-73.97,78.99800000000002,71.0,78.0,1.07
27,amderma,0.0,0.0,0.0,0.0,0.0,0.0
28,tasiilaq,65.61,-37.64,41.0,86.0,30.0,2.6
29,murray bridge,-35.12,139.27,46.99400000000007,85.0,4.0,0.89
30,kavieng,-2.57,150.8,84.50600000000003,74.0,27.0,6.78
31,pechora,65.15,57.22,60.29600000000005,68.0,0.0,3.23
32,norman wells,65.28,-126.83,57.2,71.0,75.0,9.8
33,hobart,-42.88,147.33,44.6,75.0,75.0,3.6
34,lascahobas,18.83,-71.94,75.2,88.0,93.0,5.1
35,bethel,41.37,-73.41,78.99800000000002,88.0,75.0,2.31
36,coahuayana,18.73,-103.68,73.4,88.0,75.0,3.1
37,tuktoyaktuk,69.45,-133.04,46.4,75.0,75.0,6.2
38,san patricio,19.22,-104.7,86.0,74.0,75.0,7.7
39,hasaki,35.73,140.83,75.00200000000008,100.0,75.0,1.5
40,yarmouth,41.71,-70.23,80.6,74.0,75.0,3.1
41,rikitea,-23.12,-134.97,67.04600000000005,59.0,100.0,5.79
42,castro,-24.79,-50.01,59.306000000000026,75.0,98.0,0.97
43,barrow,71.29,-156.79,42.8,81.0,90.0,5.1
44,provideniya,64.38,-173.3,48.2,81.0,20.0,4.0
45,mahebourg,-20.41,57.7,69.8,68.0,75.0,5.1
46,oriximina,-1.77,-55.87,80.33000000000004,80.0,92.0,1.84
47,punta arenas,-53.15,-70.92,28.4,92.0,2.0,4.6
48,taolanaro,0.0,0.0,0.0,0.0,0.0,0.0
49,zhigansk,66.77,123.37,61.610000000000085,68.0,21.0,9.37
50,rio gallegos,0.0,0.0,0.0,0.0,0.0,0.0
51,port elizabeth,0.0,0.0,0.0,0.0,0.0,0.0
52,georgetown,0.0,0.0,0.0,0.0,0.0,0.0
53,bubaque,0.0,0.0,0.0,0.0,0.0,0.0
54,sao filipe,0.0,0.0,0.0,0.0,0.0,0.0
55,fairbanks,0.0,0.0,0.0,0.0,0.0,0.0
56,mataura,0.0,0.0,0.0,0.0,0.0,0.0
57,aswan,0.0,0.0,0.0,0.0,0.0,0.0
58,puerto escondido,0.0,0.0,0.0,0.0,0.0,0.0
59,vaini,0.0,0.0,0.0,0.0,0.0,0.0
60,alihe,0.0,0.0,0.0,0.0,0.0,0.0
61,tete,0.0,0.0,0.0,0.0,0.0,0.0
62,cabo san lucas,0.0,0.0,0.0,0.0,0.0,0.0
63,faya,0.0,0.0,0.0,0.0,0.0,0.0
64,xushan,0.0,0.0,0.0,0.0,0.0,0.0
65,atuona,0.0,0.0,0.0,0.0,0.0,0.0
66,puerto ayora,0.0,0.0,0.0,0.0,0.0,0.0
67,denpasar,0.0,0.0,0.0,0.0,0.0,0.0
68,lebu,0.0,0.0,0.0,0.0,0.0,0.0
69,valle de allende,0.0,0.0,0.0,0.0,0.0,0.0
70,hutchinson,0.0,0.0,0.0,0.0,0.0,0.0
71,champerico,0.0,0.0,0.0,0.0,0.0,0.0
72,bluff,0.0,0.0,0.0,0.0,0.0,0.0
73,salalah,0.0,0.0,0.0,0.0,0.0,0.0
74,antigonish,0.0,0.0,0.0,0.0,0.0,0.0
75,inongo,0.0,0.0,0.0,0.0,0.0,0.0
76,murmashi,0.0,0.0,0.0,0.0,0.0,0.0
77,havoysund,0.0,0.0,0.0,0.0,0.0,0.0
78,lasa,0.0,0.0,0.0,0.0,0.0,0.0
79,santa rosa,0.0,0.0,0.0,0.0,0.0,0.0
80,nikolskoye,0.0,0.0,0.0,0.0,0.0,0.0
81,qasigiannguit,0.0,0.0,0.0,0.0,0.0,0.0
82,padang,0.0,0.0,0.0,0.0,0.0,0.0
83,faanui,0.0,0.0,0.0,0.0,0.0,0.0
84,constitucion,0.0,0.0,0.0,0.0,0.0,0.0
85,baruun-urt,0.0,0.0,0.0,0.0,0.0,0.0
86,qaanaaq,0.0,0.0,0.0,0.0,0.0,0.0
87,sirsilla,0.0,0.0,0.0,0.0,0.0,0.0
88,ugoofaaru,0.0,0.0,0.0,0.0,0.0,0.0
89,torbay,0.0,0.0,0.0,0.0,0.0,0.0
90,jamestown,0.0,0.0,0.0,0.0,0.0,0.0
91,east london,0.0,0.0,0.0,0.0,0.0,0.0
92,aberdeen,0.0,0.0,0.0,0.0,0.0,0.0
93,jelgava,0.0,0.0,0.0,0.0,0.0,0.0
94,muros,0.0,0.0,0.0,0.0,0.0,0.0
95,ranong,0.0,0.0,0.0,0.0,0.0,0.0
96,grand river south east,0.0,0.0,0.0,0.0,0.0,0.0
97,beroroha,0.0,0.0,0.0,0.0,0.0,0.0
98,upernavik,0.0,0.0,0.0,0.0,0.0,0.0
99,ponta do sol,0.0,0.0,0.0,0.0,0.0,0.0
100,nome,0.0,0.0,0.0,0.0,0.0,0.0
101,srednekolymsk,0.0,0.0,0.0,0.0,0.0,0.0
102,karpuninskiy,0.0,0.0,0.0,0.0,0.0,0.0
103,toyooka,0.0,0.0,0.0,0.0,0.0,0.0
104,ciudad ojeda,0.0,0.0,0.0,0.0,0.0,0.0
105,nalobikha,0.0,0.0,0.0,0.0,0.0,0.0
106,ippy,0.0,0.0,0.0,0.0,0.0,0.0
107,svetlogorsk,0.0,0.0,0.0,0.0,0.0,0.0
108,thompson,0.0,0.0,0.0,0.0,0.0,0.0
109,kytlym,0.0,0.0,0.0,0.0,0.0,0.0
110,port alfred,0.0,0.0,0.0,0.0,0.0,0.0
111,poum,0.0,0.0,0.0,0.0,0.0,0.0
112,hobyo,0.0,0.0,0.0,0.0,0.0,0.0
113,teya,0.0,0.0,0.0,0.0,0.0,0.0
114,luanda,0.0,0.0,0.0,0.0,0.0,0.0
115,manokwari,0.0,0.0,0.0,0.0,0.0,0.0
116,yeletskiy,0.0,0.0,0.0,0.0,0.0,0.0
117,mar del plata,0.0,0.0,0.0,0.0,0.0,0.0
118,dicabisagan,0.0,0.0,0.0,0.0,0.0,0.0
119,belushya guba,0.0,0.0,0.0,0.0,0.0,0.0
120,camacha,0.0,0.0,0.0,0.0,0.0,0.0
121,kloulklubed,0.0,0.0,0.0,0.0,0.0,0.0
122,butaritari,0.0,0.0,0.0,0.0,0.0,0.0
123,yulara,0.0,0.0,0.0,0.0,0.0,0.0
124,grande prairie,0.0,0.0,0.0,0.0,0.0,0.0
125,port arthur,0.0,0.0,0.0,0.0,0.0,0.0
126,te anau,0.0,0.0,0.0,0.0,0.0,0.0
127,hirado,0.0,0.0,0.0,0.0,0.0,0.0
128,kapaa,0.0,0.0,0.0,0.0,0.0,0.0
129,rio grande,0.0,0.0,0.0,0.0,0.0,0.0
130,san cristobal,0.0,0.0,0.0,0.0,0.0,0.0
131,bengkulu,0.0,0.0,0.0,0.0,0.0,0.0
132,los llanos de aridane,0.0,0.0,0.0,0.0,0.0,0.0
133,hervey bay,0.0,0.0,0.0,0.0,0.0,0.0
134,samusu,0.0,0.0,0.0,0.0,0.0,0.0
135,caceres,0.0,0.0,0.0,0.0,0.0,0.0
136,alofi,0.0,0.0,0.0,0.0,0.0,0.0
137,illela,0.0,0.0,0.0,0.0,0.0,0.0
138,souillac,0.0,0.0,0.0,0.0,0.0,0.0
139,bonito,0.0,0.0,0.0,0.0,0.0,0.0
140,hithadhoo,0.0,0.0,0.0,0.0,0.0,0.0
141,nanortalik,0.0,0.0,0.0,0.0,0.0,0.0
142,antalaha,0.0,0.0,0.0,0.0,0.0,0.0
143,tsihombe,0.0,0.0,0.0,0.0,0.0,0.0
144,shenjiamen,0.0,0.0,0.0,0.0,0.0,0.0
145,saint george,0.0,0.0,0.0,0.0,0.0,0.0
146,pevek,0.0,0.0,0.0,0.0,0.0,0.0
147,barentsburg,0.0,0.0,0.0,0.0,0.0,0.0
148,jahrom,0.0,0.0,0.0,0.0,0.0,0.0
149,half moon bay,0.0,0.0,0.0,0.0,0.0,0.0
150,port blair,0.0,0.0,0.0,0.0,0.0,0.0
151,paamiut,0.0,0.0,0.0,0.0,0.0,0.0
152,victoria,0.0,0.0,0.0,0.0,0.0,0.0
153,ballina,0.0,0.0,0.0,0.0,0.0,0.0
154,nyagan,0.0,0.0,0.0,0.0,0.0,0.0
155,kijang,0.0,0.0,0.0,0.0,0.0,0.0
156,silvan,0.0,0.0,0.0,0.0,0.0,0.0
157,esperance,0.0,0.0,0.0,0.0,0.0,0.0
158,atlantic city,0.0,0.0,0.0,0.0,0.0,0.0
159,wattegama,0.0,0.0,0.0,0.0,0.0,0.0
160,sorland,0.0,0.0,0.0,0.0,0.0,0.0
161,namibe,0.0,0.0,0.0,0.0,0.0,0.0
162,palia kalan,0.0,0.0,0.0,0.0,0.0,0.0
163,bilibino,0.0,0.0,0.0,0.0,0.0,0.0
164,korla,0.0,0.0,0.0,0.0,0.0,0.0
165,lobito,0.0,0.0,0.0,0.0,0.0,0.0
166,nguruka,0.0,0.0,0.0,0.0,0.0,0.0
167,puerto concordia,0.0,0.0,0.0,0.0,0.0,0.0
168,howick,0.0,0.0,0.0,0.0,0.0,0.0
169,utiroa,0.0,0.0,0.0,0.0,0.0,0.0
170,aktau,0.0,0.0,0.0,0.0,0.0,0.0
171,sur,0.0,0.0,0.0,0.0,0.0,0.0
172,zyryanovsk,0.0,0.0,0.0,0.0,0.0,0.0
173,lorengau,0.0,0.0,0.0,0.0,0.0,0.0
174,chuy,0.0,0.0,0.0,0.0,0.0,0.0
175,cherskiy,0.0,0.0,0.0,0.0,0.0,0.0
176,agirish,0.0,0.0,0.0,0.0,0.0,0.0
177,seoul,0.0,0.0,0.0,0.0,0.0,0.0
178,bonavista,0.0,0.0,0.0,0.0,0.0,0.0
179,katsuura,0.0,0.0,0.0,0.0,0.0,0.0
180,tiksi,0.0,0.0,0.0,0.0,0.0,0.0
181,ust-omchug,0.0,0.0,0.0,0.0,0.0,0.0
182,okhotsk,0.0,0.0,0.0,0.0,0.0,0.0
183,abashiri,0.0,0.0,0.0,0.0,0.0,0.0
184,nizhneyansk,0.0,0.0,0.0,0.0,0.0,0.0
185,illoqqortoormiut,0.0,0.0,0.0,0.0,0.0,0.0
186,westport,0.0,0.0,0.0,0.0,0.0,0.0
187,dikson,0.0,0.0,0.0,0.0,0.0,0.0
188,codrington,0.0,0.0,0.0,0.0,0.0,0.0
189,ijaki,0.0,0.0,0.0,0.0,0.0,0.0
190,praia da vitoria,0.0,0.0,0.0,0.0,0.0,0.0
191,margate,0.0,0.0,0.0,0.0,0.0,0.0
192,clyde river,0.0,0.0,0.0,0.0,0.0,0.0
193,arraial do cabo,0.0,0.0,0.0,0.0,0.0,0.0
194,de-kastri,0.0,0.0,0.0,0.0,0.0,0.0
195,weligama,0.0,0.0,0.0,0.0,0.0,0.0
196,bathsheba,0.0,0.0,0.0,0.0,0.0,0.0
197,taltal,0.0,0.0,0.0,0.0,0.0,0.0
198,tautira,0.0,0.0,0.0,0.0,0.0,0.0
199,calama,0.0,0.0,0.0,0.0,0.0,0.0
200,ridgecrest,0.0,0.0,0.0,0.0,0.0,0.0
201,mount gambier,0.0,0.0,0.0,0.0,0.0,0.0
202,kruisfontein,0.0,0.0,0.0,0.0,0.0,0.0
203,acapulco,0.0,0.0,0.0,0.0,0.0,0.0
204,ulagan,0.0,0.0,0.0,0.0,0.0,0.0
205,lidkoping,0.0,0.0,0.0,0.0,0.0,0.0
206,kantang,0.0,0.0,0.0,0.0,0.0,0.0
207,kalol,0.0,0.0,0.0,0.0,0.0,0.0
208,el balyana,0.0,0.0,0.0,0.0,0.0,0.0
209,vila franca do campo,0.0,0.0,0.0,0.0,0.0,0.0
210,haibowan,0.0,0.0,0.0,0.0,0.0,0.0
211,aklavik,0.0,0.0,0.0,0.0,0.0,0.0
212,lewistown,0.0,0.0,0.0,0.0,0.0,0.0
213,wadern,0.0,0.0,0.0,0.0,0.0,0.0
214,dzhusaly,0.0,0.0,0.0,0.0,0.0,0.0
215,kodiak,0.0,0.0,0.0,0.0,0.0,0.0
216,koulikoro,0.0,0.0,0.0,0.0,0.0,0.0
217,laguna,0.0,0.0,0.0,0.0,0.0,0.0
218,beja,0.0,0.0,0.0,0.0,0.0,0.0
219,yeniseysk,0.0,0.0,0.0,0.0,0.0,0.0
220,ostrovnoy,0.0,0.0,0.0,0.0,0.0,0.0
221,longlac,0.0,0.0,0.0,0.0,0.0,0.0
222,khatanga,0.0,0.0,0.0,0.0,0.0,0.0
223,guerrero negro,0.0,0.0,0.0,0.0,0.0,0.0
224,jumla,0.0,0.0,0.0,0.0,0.0,0.0
225,santa marta,0.0,0.0,0.0,0.0,0.0,0.0
226,beringovskiy,0.0,0.0,0.0,0.0,0.0,0.0
227,sentyabrskiy,0.0,0.0,0.0,0.0,0.0,0.0
228,bardiyah,0.0,0.0,0.0,0.0,0.0,0.0
229,kaitangata,0.0,0.0,0.0,0.0,0.0,0.0
230,bredasdorp,0.0,0.0,0.0,0.0,0.0,0.0
231,along,0.0,0.0,0.0,0.0,0.0,0.0
232,hailey,0.0,0.0,0.0,0.0,0.0,0.0
233,san quintin,0.0,0.0,0.0,0.0,0.0,0.0
234,araouane,0.0,0.0,0.0,0.0,0.0,0.0
235,robertsport,0.0,0.0,0.0,0.0,0.0,0.0
236,labuhan,0.0,0.0,0.0,0.0,0.0,0.0
237,zlatoustovsk,0.0,0.0,0.0,0.0,0.0,0.0
238,harper,0.0,0.0,0.0,0.0,0.0,0.0
239,yerbogachen,0.0,0.0,0.0,0.0,0.0,0.0
240,mahadday weyne,0.0,0.0,0.0,0.0,0.0,0.0
241,sisimiut,0.0,0.0,0.0,0.0,0.0,0.0
242,amalapuram,0.0,0.0,0.0,0.0,0.0,0.0
243,vaitupu,0.0,0.0,0.0,0.0,0.0,0.0
244,tura,0.0,0.0,0.0,0.0,0.0,0.0
245,tabou,0.0,0.0,0.0,0.0,0.0,0.0
246,gondanglegi,0.0,0.0,0.0,0.0,0.0,0.0
247,naze,0.0,0.0,0.0,0.0,0.0,0.0
248,hargeysa,0.0,0.0,0.0,0.0,0.0,0.0
249,hilo,0.0,0.0,0.0,0.0,0.0,0.0
250,hualmay,0.0,0.0,0.0,0.0,0.0,0.0
251,dan khun thot,0.0,0.0,0.0,0.0,0.0,0.0
252,shebalino,0.0,0.0,0.0,0.0,0.0,0.0
253,kamiiso,0.0,0.0,0.0,0.0,0.0,0.0
254,andevoranto,0.0,0.0,0.0,0.0,0.0,0.0
255,pecos,0.0,0.0,0.0,0.0,0.0,0.0
256,ilulissat,0.0,0.0,0.0,0.0,0.0,0.0
257,lompoc,0.0,0.0,0.0,0.0,0.0,0.0
258,evensk,0.0,0.0,0.0,0.0,0.0,0.0
259,tilichiki,0.0,0.0,0.0,0.0,0.0,0.0
260,bairiki,0.0,0.0,0.0,0.0,0.0,0.0
261,artyk,0.0,0.0,0.0,0.0,0.0,0.0
262,baherden,0.0,0.0,0.0,0.0,0.0,0.0
263,luang prabang,0.0,0.0,0.0,0.0,0.0,0.0
264,borogontsy,0.0,0.0,0.0,0.0,0.0,0.0
265,longkou,0.0,0.0,0.0,0.0,0.0,0.0
266,hailar,0.0,0.0,0.0,0.0,0.0,0.0
267,supe,0.0,0.0,0.0,0.0,0.0,0.0
268,dutlwe,0.0,0.0,0.0,0.0,0.0,0.0
269,port hedland,0.0,0.0,0.0,0.0,0.0,0.0
270,quatre cocos,0.0,0.0,0.0,0.0,0.0,0.0
271,storforshei,0.0,0.0,0.0,0.0,0.0,0.0
272,mys shmidta,0.0,0.0,0.0,0.0,0.0,0.0
273,biak,0.0,0.0,0.0,0.0,0.0,0.0
274,plettenberg bay,0.0,0.0,0.0,0.0,0.0,0.0
275,chara,0.0,0.0,0.0,0.0,0.0,0.0
276,bahir dar,0.0,0.0,0.0,0.0,0.0,0.0
277,rawson,0.0,0.0,0.0,0.0,0.0,0.0
278,bolanos de calatrava,0.0,0.0,0.0,0.0,0.0,0.0
279,vardo,0.0,0.0,0.0,0.0,0.0,0.0
280,mehamn,0.0,0.0,0.0,0.0,0.0,0.0
281,ksenyevka,0.0,0.0,0.0,0.0,0.0,0.0
282,komsomolskiy,0.0,0.0,0.0,0.0,0.0,0.0
283,byron bay,0.0,0.0,0.0,0.0,0.0,0.0
284,la ronge,0.0,0.0,0.0,0.0,0.0,0.0
285,port lincoln,0.0,0.0,0.0,0.0,0.0,0.0
286,pirapora,0.0,0.0,0.0,0.0,0.0,0.0
287,ranau,0.0,0.0,0.0,0.0,0.0,0.0
288,podbelsk,0.0,0.0,0.0,0.0,0.0,0.0
289,nhulunbuy,0.0,0.0,0.0,0.0,0.0,0.0
290,lolua,0.0,0.0,0.0,0.0,0.0,0.0
291,marystown,0.0,0.0,0.0,0.0,0.0,0.0
292,ozinki,0.0,0.0,0.0,0.0,0.0,0.0
293,atbasar,0.0,0.0,0.0,0.0,0.0,0.0
294,cam ranh,0.0,0.0,0.0,0.0,0.0,0.0
295,winnemucca,0.0,0.0,0.0,0.0,0.0,0.0
296,channel-port aux basques,0.0,0.0,0.0,0.0,0.0,0.0
297,ancona,0.0,0.0,0.0,0.0,0.0,0.0
298,borovoy,0.0,0.0,0.0,0.0,0.0,0.0
299,geraldton,0.0,0.0,0.0,0.0,0.0,0.0
300,santa cruz cabralia,0.0,0.0,0.0,0.0,0.0,0.0
301,vilyuysk,0.0,0.0,0.0,0.0,0.0,0.0
302,luderitz,0.0,0.0,0.0,0.0,0.0,0.0
303,siyabuswa,0.0,0.0,0.0,0.0,0.0,0.0
304,pacific grove,0.0,0.0,0.0,0.0,0.0,0.0
305,saint-joseph,0.0,0.0,0.0,0.0,0.0,0.0
306,sept-iles,0.0,0.0,0.0,0.0,0.0,0.0
307,severo-kurilsk,0.0,0.0,0.0,0.0,0.0,0.0
308,mackenzie,0.0,0.0,0.0,0.0,0.0,0.0
309,cayenne,0.0,0.0,0.0,0.0,0.0,0.0
310,nkhotakota,0.0,0.0,0.0,0.0,0.0,0.0
311,hofn,0.0,0.0,0.0,0.0,0.0,0.0
312,kazalinsk,0.0,0.0,0.0,0.0,0.0,0.0
313,vavoua,0.0,0.0,0.0,0.0,0.0,0.0
314,catio,0.0,0.0,0.0,0.0,0.0,0.0
315,sovetskiy,0.0,0.0,0.0,0.0,0.0,0.0
316,riachao,0.0,0.0,0.0,0.0,0.0,0.0
317,coquimbo,0.0,0.0,0.0,0.0,0.0,0.0
318,bowen,0.0,0.0,0.0,0.0,0.0,0.0
319,menzelinsk,0.0,0.0,0.0,0.0,0.0,0.0
320,novyy svit,0.0,0.0,0.0,0.0,0.0,0.0
321,toliary,0.0,0.0,0.0,0.0,0.0,0.0
322,taunggyi,0.0,0.0,0.0,0.0,0.0,0.0
323,vila velha,0.0,0.0,0.0,0.0,0.0,0.0
324,pucallpa,0.0,0.0,0.0,0.0,0.0,0.0
325,kieta,0.0,0.0,0.0,0.0,0.0,0.0
326,pokaran,0.0,0.0,0.0,0.0,0.0,0.0
327,berdigestyakh,0.0,0.0,0.0,0.0,0.0,0.0
328,hammerfest,0.0,0.0,0.0,0.0,0.0,0.0
329,ionesti,0.0,0.0,0.0,0.0,0.0,0.0
330,peleduy,0.0,0.0,0.0,0.0,0.0,0.0
331,rungata,0.0,0.0,0.0,0.0,0.0,0.0
332,bereda,0.0,0.0,0.0,0.0,0.0,0.0
333,tuatapere,0.0,0.0,0.0,0.0,0.0,0.0
334,luau,0.0,0.0,0.0,0.0,0.0,0.0
335,viedma,0.0,0.0,0.0,0.0,0.0,0.0
336,oktyabrskoye,0.0,0.0,0.0,0.0,0.0,0.0
337,chagda,0.0,0.0,0.0,0.0,0.0,0.0
338,baykit,0.0,0.0,0.0,0.0,0.0,0.0
339,magadan,0.0,0.0,0.0,0.0,0.0,0.0
340,saldanha,0.0,0.0,0.0,0.0,0.0,0.0
341,karabulak,0.0,0.0,0.0,0.0,0.0,0.0
342,ust-maya,0.0,0.0,0.0,0.0,0.0,0.0
343,valparaiso,0.0,0.0,0.0,0.0,0.0,0.0
344,tasbuget,0.0,0.0,0.0,0.0,0.0,0.0
345,abbeville,0.0,0.0,0.0,0.0,0.0,0.0
346,sambava,0.0,0.0,0.0,0.0,0.0,0.0
347,saleaula,0.0,0.0,0.0,0.0,0.0,0.0
348,leh,0.0,0.0,0.0,0.0,0.0,0.0
349,magadi,0.0,0.0,0.0,0.0,0.0,0.0
350,syamzha,0.0,0.0,0.0,0.0,0.0,0.0
351,nacala,0.0,0.0,0.0,0.0,0.0,0.0
352,alice springs,0.0,0.0,0.0,0.0,0.0,0.0
353,lavrentiya,0.0,0.0,0.0,0.0,0.0,0.0
354,chimbote,0.0,0.0,0.0,0.0,0.0,0.0
355,broome,0.0,0.0,0.0,0.0,0.0,0.0
356,caravelas,0.0,0.0,0.0,0.0,0.0,0.0
357,gouyave,0.0,0.0,0.0,0.0,0.0,0.0
358,sandwick,0.0,0.0,0.0,0.0,0.0,0.0
359,lucapa,0.0,0.0,0.0,0.0,0.0,0.0
360,culipapa,0.0,0.0,0.0,0.0,0.0,0.0
361,nyurba,0.0,0.0,0.0,0.0,0.0,0.0
362,nalut,0.0,0.0,0.0,0.0,0.0,0.0
363,am timan,0.0,0.0,0.0,0.0,0.0,0.0
364,joshimath,0.0,0.0,0.0,0.0,0.0,0.0
365,adolfo ruiz cortines,0.0,0.0,0.0,0.0,0.0,0.0
366,ampanihy,0.0,0.0,0.0,0.0,0.0,0.0
367,rundu,0.0,0.0,0.0,0.0,0.0,0.0
368,frontera,0.0,0.0,0.0,0.0,0.0,0.0
369,qui nhon,0.0,0.0,0.0,0.0,0.0,0.0
370,warrnambool,0.0,0.0,0.0,0.0,0.0,0.0
371,mwinilunga,0.0,0.0,0.0,0.0,0.0,0.0
372,mushie,0.0,0.0,0.0,0.0,0.0,0.0
373,touros,0.0,0.0,0.0,0.0,0.0,0.0
374,dhidhdhoo,0.0,0.0,0.0,0.0,0.0,0.0
375,pedernales,0.0,0.0,0.0,0.0,0.0,0.0
376,saint-francois,0.0,0.0,0.0,0.0,0.0,0.0
377,craig,0.0,0.0,0.0,0.0,0.0,0.0
378,tokur,0.0,0.0,0.0,0.0,0.0,0.0
379,kungurtug,0.0,0.0,0.0,0.0,0.0,0.0
380,elko,0.0,0.0,0.0,0.0,0.0,0.0
381,birjand,0.0,0.0,0.0,0.0,0.0,0.0
382,tessalit,0.0,0.0,0.0,0.0,0.0,0.0
383,nabire,0.0,0.0,0.0,0.0,0.0,0.0
384,nago,0.0,0.0,0.0,0.0,0.0,0.0
385,vanimo,0.0,0.0,0.0,0.0,0.0,0.0
386,tiarei,0.0,0.0,0.0,0.0,0.0,0.0
387,sawakin,0.0,0.0,0.0,0.0,0.0,0.0
388,haines junction,0.0,0.0,0.0,0.0,0.0,0.0
389,synya,0.0,0.0,0.0,0.0,0.0,0.0
390,labuan,0.0,0.0,0.0,0.0,0.0,0.0
391,buchanan,0.0,0.0,0.0,0.0,0.0,0.0
392,saint-augustin,0.0,0.0,0.0,0.0,0.0,0.0
393,kamenka,0.0,0.0,0.0,0.0,0.0,0.0
394,belmonte,0.0,0.0,0.0,0.0,0.0,0.0
395,provins,0.0,0.0,0.0,0.0,0.0,0.0
396,comodoro rivadavia,0.0,0.0,0.0,0.0,0.0,0.0
397,xining,0.0,0.0,0.0,0.0,0.0,0.0
398,yeppoon,0.0,0.0,0.0,0.0,0.0,0.0
399,kiama,0.0,0.0,0.0,0.0,0.0,0.0
400,broken hill,0.0,0.0,0.0,0.0,0.0,0.0
401,anadyr,0.0,0.0,0.0,0.0,0.0,0.0
402,amapa,0.0,0.0,0.0,0.0,0.0,0.0
403,aksarayskiy,0.0,0.0,0.0,0.0,0.0,0.0
404,gimli,0.0,0.0,0.0,0.0,0.0,0.0
405,banepa,0.0,0.0,0.0,0.0,0.0,0.0
406,dalvik,0.0,0.0,0.0,0.0,0.0,0.0
407,labytnangi,0.0,0.0,0.0,0.0,0.0,0.0
408,dzaoudzi,0.0,0.0,0.0,0.0,0.0,0.0
409,saint-pierre,0.0,0.0,0.0,0.0,0.0,0.0
410,nouadhibou,0.0,0.0,0.0,0.0,0.0,0.0
411,sao felix do xingu,0.0,0.0,0.0,0.0,0.0,0.0
412,cabot,0.0,0.0,0.0,0.0,0.0,0.0
413,liverpool,0.0,0.0,0.0,0.0,0.0,0.0
414,umzimvubu,0.0,0.0,0.0,0.0,0.0,0.0
415,ruthin,0.0,0.0,0.0,0.0,0.0,0.0
416,orocue,0.0,0.0,0.0,0.0,0.0,0.0
417,kamenskoye,0.0,0.0,0.0,0.0,0.0,0.0
418,hokitika,0.0,0.0,0.0,0.0,0.0,0.0
419,manaquiri,0.0,0.0,0.0,0.0,0.0,0.0
420,pemba,0.0,0.0,0.0,0.0,0.0,0.0
421,mao,0.0,0.0,0.0,0.0,0.0,0.0
422,fort nelson,0.0,0.0,0.0,0.0,0.0,0.0
423,tumannyy,0.0,0.0,0.0,0.0,0.0,0.0
424,airai,0.0,0.0,0.0,0.0,0.0,0.0
425,san gabriel,0.0,0.0,0.0,0.0,0.0,0.0
426,port-gentil,0.0,0.0,0.0,0.0,0.0,0.0
427,inuvik,0.0,0.0,0.0,0.0,0.0,0.0
428,zorritos,0.0,0.0,0.0,0.0,0.0,0.0
429,ahipara,0.0,0.0,0.0,0.0,0.0,0.0
430,angoche,0.0,0.0,0.0,0.0,0.0,0.0
431,lerwick,0.0,0.0,0.0,0.0,0.0,0.0
432,palabuhanratu,0.0,0.0,0.0,0.0,0.0,0.0
433,diego de almagro,0.0,0.0,0.0,0.0,0.0,0.0
434,nakatsu,0.0,0.0,0.0,0.0,0.0,0.0
435,yarada,0.0,0.0,0.0,0.0,0.0,0.0
436,mago,0.0,0.0,0.0,0.0,0.0,0.0
437,uvat,0.0,0.0,0.0,0.0,0.0,0.0
438,nuuk,0.0,0.0,0.0,0.0,0.0,0.0
439,atasu,0.0,0.0,0.0,0.0,0.0,0.0
440,dunedin,0.0,0.0,0.0,0.0,0.0,0.0
441,mareeba,0.0,0.0,0.0,0.0,0.0,0.0
442,ancud,0.0,0.0,0.0,0.0,0.0,0.0
443,fortuna,0.0,0.0,0.0,0.0,0.0,0.0
444,plattsburgh,0.0,0.0,0.0,0.0,0.0,0.0
445,ilhabela,0.0,0.0,0.0,0.0,0.0,0.0
446,chernushka,0.0,0.0,0.0,0.0,0.0,0.0
447,camp verde,0.0,0.0,0.0,0.0,0.0,0.0
448,tawkar,0.0,0.0,0.0,0.0,0.0,0.0
449,flin flon,0.0,0.0,0.0,0.0,0.0,0.0
450,carnarvon,0.0,0.0,0.0,0.0,0.0,0.0
451,boma,0.0,0.0,0.0,0.0,0.0,0.0
452,bilma,0.0,0.0,0.0,0.0,0.0,0.0
453,shuyskoye,0.0,0.0,0.0,0.0,0.0,0.0
454,chimore,0.0,0.0,0.0,0.0,0.0,0.0
455,deputatskiy,0.0,0.0,0.0,0.0,0.0,0.0
456,sorata,0.0,0.0,0.0,0.0,0.0,0.0
457,marsh harbour,0.0,0.0,0.0,0.0,0.0,0.0
458,sobolevo,0.0,0.0,0.0,0.0,0.0,0.0
459,tual,0.0,0.0,0.0,0.0,0.0,0.0
460,trairi,0.0,0.0,0.0,0.0,0.0,0.0
461,samarai,0.0,0.0,0.0,0.0,0.0,0.0
462,porto santo,0.0,0.0,0.0,0.0,0.0,0.0
463,sinnamary,0.0,0.0,0.0,0.0,0.0,0.0
464,marica,0.0,0.0,0.0,0.0,0.0,0.0
465,rohnert park,0.0,0.0,0.0,0.0,0.0,0.0
466,prince rupert,0.0,0.0,0.0,0.0,0.0,0.0
467,ternate,0.0,0.0,0.0,0.0,0.0,0.0
468,palu,0.0,0.0,0.0,0.0,0.0,0.0
469,gasa,0.0,0.0,0.0,0.0,0.0,0.0
470,lagoa,0.0,0.0,0.0,0.0,0.0,0.0
471,aginskoye,0.0,0.0,0.0,0.0,0.0,0.0
472,kuryk,0.0,0.0,0.0,0.0,0.0,0.0
473,kendari,0.0,0.0,0.0,0.0,0.0,0.0
474,shimoda,0.0,0.0,0.0,0.0,0.0,0.0
475,port-de-paix,0.0,0.0,0.0,0.0,0.0,0.0
476,saint anthony,0.0,0.0,0.0,0.0,0.0,0.0
477,longyearbyen,0.0,0.0,0.0,0.0,0.0,0.0
478,novikovo,0.0,0.0,0.0,0.0,0.0,0.0
479,muravlenko,0.0,0.0,0.0,0.0,0.0,0.0
480,parauna,0.0,0.0,0.0,0.0,0.0,0.0
481,mwense,0.0,0.0,0.0,0.0,0.0,0.0
482,walvis bay,0.0,0.0,0.0,0.0,0.0,0.0
483,strugari,0.0,0.0,0.0,0.0,0.0,0.0
484,hambantota,0.0,0.0,0.0,0.0,0.0,0.0
485,belem de sao francisco,0.0,0.0,0.0,0.0,0.0,0.0
486,bereznik,0.0,0.0,0.0,0.0,0.0,0.0
487,beian,0.0,0.0,0.0,0.0,0.0,0.0
488,aranos,0.0,0.0,0.0,0.0,0.0,0.0
489,bonoua,0.0,0.0,0.0,0.0,0.0,0.0
490,vidim,0.0,0.0,0.0,0.0,0.0,0.0
491,havelock,0.0,0.0,0.0,0.0,0.0,0.0
492,nelson bay,0.0,0.0,0.0,0.0,0.0,0.0
493,pemangkat,0.0,0.0,0.0,0.0,0.0,0.0
494,chenghai,0.0,0.0,0.0,0.0,0.0,0.0
495,itarema,0.0,0.0,0.0,0.0,0.0,0.0
496,tooele,0.0,0.0,0.0,0.0,0.0,0.0
497,rocha,0.0,0.0,0.0,0.0,0.0,0.0
498,zhumadian,0.0,0.0,0.0,0.0,0.0,0.0
499,saskylakh,0.0,0.0,0.0,0.0,0.0,0.0
500,grafton,0.0,0.0,0.0,0.0,0.0,0.0
501,praya,0.0,0.0,0.0,0.0,0.0,0.0
502,rancagua,0.0,0.0,0.0,0.0,0.0,0.0
503,lhokseumawe,0.0,0.0,0.0,0.0,0.0,0.0
504,grass valley,0.0,0.0,0.0,0.0,0.0,0.0
505,oksfjord,0.0,0.0,0.0,0.0,0.0,0.0
506,iqaluit,0.0,0.0,0.0,0.0,0.0,0.0
507,raudeberg,0.0,0.0,0.0,0.0,0.0,0.0
508,kirakira,0.0,0.0,0.0,0.0,0.0,0.0
509,roald,0.0,0.0,0.0,0.0,0.0,0.0
510,catuday,0.0,0.0,0.0,0.0,0.0,0.0
511,marfino,0.0,0.0,0.0,0.0,0.0,0.0
512,isla mujeres,0.0,0.0,0.0,0.0,0.0,0.0
513,qaqortoq,0.0,0.0,0.0,0.0,0.0,0.0
514,mola di bari,0.0,0.0,0.0,0.0,0.0,0.0
515,canavieiras,0.0,0.0,0.0,0.0,0.0,0.0
516,kisangani,0.0,0.0,0.0,0.0,0.0,0.0
517,mullaitivu,0.0,0.0,0.0,0.0,0.0,0.0
518,vryheid,0.0,0.0,0.0,0.0,0.0,0.0
519,topchikha,0.0,0.0,0.0,0.0,0.0,0.0
520,kinsale,0.0,0.0,0.0,0.0,0.0,0.0
521,tezu,0.0,0.0,0.0,0.0,0.0,0.0
522,kampong chhnang,0.0,0.0,0.0,0.0,0.0,0.0
523,banda aceh,0.0,0.0,0.0,0.0,0.0,0.0
524,ilo,0.0,0.0,0.0,0.0,0.0,0.0
525,kununurra,0.0,0.0,0.0,0.0,0.0,0.0
526,nchelenge,0.0,0.0,0.0,0.0,0.0,0.0
527,pozhva,0.0,0.0,0.0,0.0,0.0,0.0
528,dubbo,0.0,0.0,0.0,0.0,0.0,0.0
529,cockburn town,0.0,0.0,0.0,0.0,0.0,0.0
530,tremedal,0.0,0.0,0.0,0.0,0.0,0.0
531,pontianak,0.0,0.0,0.0,0.0,0.0,0.0
532,houma,0.0,0.0,0.0,0.0,0.0,0.0
533,gamba,0.0,0.0,0.0,0.0,0.0,0.0
534,atar,0.0,0.0,0.0,0.0,0.0,0.0
535,neuquen,0.0,0.0,0.0,0.0,0.0,0.0
536,aykino,0.0,0.0,0.0,0.0,0.0,0.0
537,dubti,0.0,0.0,0.0,0.0,0.0,0.0
538,vossevangen,0.0,0.0,0.0,0.0,0.0,0.0
539,khormuj,0.0,0.0,0.0,0.0,0.0,0.0
540,knysna,0.0,0.0,0.0,0.0,0.0,0.0
541,semaria,0.0,0.0,0.0,0.0,0.0,0.0
542,chivilcoy,0.0,0.0,0.0,0.0,0.0,0.0
543,tawzar,0.0,0.0,0.0,0.0,0.0,0.0
544,hidas,0.0,0.0,0.0,0.0,0.0,0.0
545,buckeye,0.0,0.0,0.0,0.0,0.0,0.0
546,parakou,0.0,0.0,0.0,0.0,0.0,0.0
547,kuhestan,0.0,0.0,0.0,0.0,0.0,0.0
548,sooke,0.0,0.0,0.0,0.0,0.0,0.0
549,boyolangu,0.0,0.0,0.0,0.0,0.0,0.0
550,uvira,0.0,0.0,0.0,0.0,0.0,0.0
551,ialibu,0.0,0.0,0.0,0.0,0.0,0.0
552,owando,0.0,0.0,0.0,0.0,0.0,0.0
553,russell,0.0,0.0,0.0,0.0,0.0,0.0
554,sabang,0.0,0.0,0.0,0.0,0.0,0.0
555,tacuarembo,0.0,0.0,0.0,0.0,0.0,0.0
556,capreol,0.0,0.0,0.0,0.0,0.0,0.0
557,antsohihy,0.0,0.0,0.0,0.0,0.0,0.0
558,bogorodskoye,0.0,0.0,0.0,0.0,0.0,0.0
559,aviles,0.0,0.0,0.0,0.0,0.0,0.0
560,husavik,0.0,0.0,0.0,0.0,0.0,0.0
561,urumqi,0.0,0.0,0.0,0.0,0.0,0.0
562,berlevag,0.0,0.0,0.0,0.0,0.0,0.0
563,opuwo,0.0,0.0,0.0,0.0,0.0,0.0
564,aflu,0.0,0.0,0.0,0.0,0.0,0.0
565,deer lake,0.0,0.0,0.0,0.0,0.0,0.0
566,murygino,0.0,0.0,0.0,0.0,0.0,0.0
567,marcona,0.0,0.0,0.0,0.0,0.0,0.0
568,dickinson,0.0,0.0,0.0,0.0,0.0,0.0
569,ocean city,0.0,0.0,0.0,0.0,0.0,0.0
570,macaboboni,0.0,0.0,0.0,0.0,0.0,0.0
571,cordele,0.0,0.0,0.0,0.0,0.0,0.0
572,churapcha,0.0,0.0,0.0,0.0,0.0,0.0
573,akhtubinsk,0.0,0.0,0.0,0.0,0.0,0.0
574,morehead,0.0,0.0,0.0,0.0,0.0,0.0
575,kaliua,0.0,0.0,0.0,0.0,0.0,0.0
576,mut,0.0,0.0,0.0,0.0,0.0,0.0
577,orange,0.0,0.0,0.0,0.0,0.0,0.0
578,kutum,0.0,0.0,0.0,0.0,0.0,0.0
579,portland,0.0,0.0,0.0,0.0,0.0,0.0
580,chumikan,0.0,0.0,0.0,0.0,0.0,0.0
581,phonhong,0.0,0.0,0.0,0.0,0.0,0.0
582,grindavik,0.0,0.0,0.0,0.0,0.0,0.0
583,la ciotat,0.0,0.0,0.0,0.0,0.0,0.0
584,golden,0.0,0.0,0.0,0.0,0.0,0.0
585,bambanglipuro,0.0,0.0,0.0,0.0,0.0,0.0
586,celestun,0.0,0.0,0.0,0.0,0.0,0.0
587,snasa,0.0,0.0,0.0,0.0,0.0,0.0
588,belle glade,0.0,0.0,0.0,0.0,0.0,0.0
589,malinovoye ozero,0.0,0.0,0.0,0.0,0.0,0.0
590,sibolga,0.0,0.0,0.0,0.0,0.0,0.0
591,kemin,0.0,0.0,0.0,0.0,0.0,0.0
592,wamba,0.0,0.0,0.0,0.0,0.0,0.0
593,tabuk,0.0,0.0,0.0,0.0,0.0,0.0
594,meyungs,0.0,0.0,0.0,0.0,0.0,0.0
595,aksarka,0.0,0.0,0.0,0.0,0.0,0.0
596,la gaulette,0.0,0.0,0.0,0.0,0.0,0.0
597,murgab,0.0,0.0,0.0,0.0,0.0,0.0
598,olafsvik,0.0,0.0,0.0,0.0,0.0,0.0
599,marsa matruh,0.0,0.0,0.0,0.0,0.0,0.0
600,dekernes,0.0,0.0,0.0,0.0,0.0,0.0
601,bogovarovo,0.0,0.0,0.0,0.0,0.0,0.0
602,salta,0.0,0.0,0.0,0.0,0.0,0.0
603,senador jose porfirio,0.0,0.0,0.0,0.0,0.0,0.0
604,sol-iletsk,0.0,0.0,0.0,0.0,0.0,0.0
605,upata,0.0,0.0,0.0,0.0,0.0,0.0
606,pyay,0.0,0.0,0.0,0.0,0.0,0.0
607,ardistan,0.0,0.0,0.0,0.0,0.0,0.0
608,leningradskiy,0.0,0.0,0.0,0.0,0.0,0.0
609,vilhena,0.0,0.0,0.0,0.0,0.0,0.0
610,voh,0.0,0.0,0.0,0.0,0.0,0.0
611,karasjok,0.0,0.0,0.0,0.0,0.0,0.0
612,phu ly,0.0,0.0,0.0,0.0,0.0,0.0
613,bandarbeyla,0.0,0.0,0.0,0.0,0.0,0.0
614,talara,0.0,0.0,0.0,0.0,0.0,0.0
615,mumbwa,0.0,0.0,0.0,0.0,0.0,0.0
616,beba,0.0,0.0,0.0,0.0,0.0,0.0
617,vilcun,0.0,0.0,0.0,0.0,0.0,0.0
